taxa,species,decimalLongitude,decimalLatitude,presence
Cyanobacteria,Nodularia,19.50667,63.53999,1
Cyanobacteria,Nodularia,11.24,58.3537,1
Cyanobacteria,Nodularia,14.8236,56.1115,1
Cyanobacteria,Nodularia,12.8539,55.8005,1
Cyanobacteria,Nodularia,12.8808,55.5133,1
Cyanobacteria,Nodularia,17.62367,58.80333,1
Cyanobacteria,Nodularia,11.4333,58.2598,1
Cyanobacteria,Nodularia,16.51354,58.6469,1
Cyanobacteria,Nodularia,16.71167,58.40898,1
Cyanobacteria,Nodularia,16.72328,58.62248,1
Cyanobacteria,Nodularia,16.75601,58.10678,1
Cyanobacteria,Nodularia,18.91088,57.68525,1
Cyanobacteria,Nodularia,18.75732,59.52487,1
Cyanobacteria,Nodularia,17.7875,58.84167,1
Cyanobacteria,Nodularia,17.7265,58.934,1
Cyanobacteria,Nodularia,17.72367,58.98383,1
Cyanobacteria,Nodularia,17.72167,59.03667,1
Cyanobacteria,Nodularia,17.67667,59.0685,1
Cyanobacteria,Nodularia,18.39213,59.22278,1
Cyanobacteria,Nodularia,18.5543,59.15906,1
Cyanobacteria,Nodularia,18.63224,59.12155,1
Cyanobacteria,Nodularia,17.42774,58.77192,1
Cyanobacteria,Nodularia,17.6225,59.02448,1
Cyanobacteria,Nodularia,13.643,55.3858,1
Cyanobacteria,Nodularia,13.0188,55.3471,1
Cyanobacteria,Nodularia,12.6521,56.3155,1
Cyanobacteria,Nodularia,11.4333,58.2583,1
Cyanobacteria,Nodularia,16.64293,58.43786,1
Cyanobacteria,Nodularia,18.13118,57.40002,1
Cyanobacteria,Nodularia,17.01491,58.67112,1
Cyanobacteria,Nodularia,11.5933,57.9196,1
Cyanobacteria,Nodularia,18.26417,62.86367,1
Cyanobacteria,Nodularia,16.84155,58.59636,1
Cyanobacteria,Nodularia,12.6522,56.3155,1
Cyanobacteria,Nodularia,12.5166,56.2183,1
Cyanobacteria,Nodularia,16.73383,58.12546,1
Cyanobacteria,Nodularia,18.27479,60.35582,1
Cyanobacteria,Nodularia,17.78754,58.84164,1
Cyanobacteria,Nodularia,17.72662,58.93388,1
Cyanobacteria,Nodularia,17.72374,58.9839,1
Cyanobacteria,Nodularia,17.72169,59.03668,1
Cyanobacteria,Nodularia,17.67665,59.06857,1
Cyanobacteria,Nodularia,17.16621,61.27754,1
Cyanobacteria,Nodularia,12.9066,55.785,1
Cyanobacteria,Nodularia,12.796,55.869,1
Cyanobacteria,Nodularia,13.0366,55.6866,1
Cyanobacteria,Nodularia,11.6867,57.6675,1
Cyanobacteria,Nodularia,11.58,58.23,1
Cyanobacteria,Nodularia,11.4033,58.3433,1
Cyanobacteria,Nodularia,11.7683,57.6788,1
Cyanobacteria,Nodularia,16.30782,58.62837,1
Cyanobacteria,Nodularia,17.8602,58.85202,1
Cyanobacteria,Nodularia,17.40188,60.66549,1
Cyanobacteria,Nodularia,11.81,58.1092,1
Cyanobacteria,Nodularia,11.6667,57.9012,1
Cyanobacteria,Nodularia,18.264,62.86367,1
Cyanobacteria,Nodularia,11.76833,57.67883,1
Cyanobacteria,Nodularia,17.63661,58.82318,1
Cyanobacteria,Nodularia,19.80817,63.52467,1
Cyanobacteria,Nodularia,12.51667,56.21833,1
Cyanobacteria,Nodularia,12.79617,55.869,1
Cyanobacteria,Nodularia,12.90667,55.785,1
Cyanobacteria,Nodularia,12.88083,55.51333,1
Cyanobacteria,Nodularia,14.82367,56.1115,1
Cyanobacteria,Nodularia,17.62533,58.80317,1
Cyanobacteria,Nodularia,18.9025,60.139,1
Cyanobacteria,Nodularia,18.31829,59.29366,1
Cyanobacteria,Nodularia,17.28443,58.7154,1
Cyanobacteria,Nodularia,17.59841,58.86936,1
Cyanobacteria,Nodularia,12.65217,56.3155,1
Cyanobacteria,Nodularia,13.03667,55.68667,1
Cyanobacteria,Nodularia,13.0188,55.34712,1
Cyanobacteria,Nodularia,13.64303,55.38588,1
Cyanobacteria,Nodularia,18.4275,62.957,1
Cyanobacteria,Nodularia,18.77867,63.15867,1
Cyanobacteria,Nodularia,18.70181,60.15101,1
Cyanobacteria,Nodularia,19.8085,63.52467,1
Cyanobacteria,Nodularia,12.79608,55.869,1
Cyanobacteria,Nodularia,20.52082,63.69362,1
Cyanobacteria,Nodularia,20.32083,63.60971,1
Cyanobacteria,Nodularia,17.4071,60.6623,1
Cyanobacteria,Nodularia,17.16637,60.95757,1
Cyanobacteria,Nodularia,17.28398,60.69692,1
Cyanobacteria,Nodularia,19.81917,63.49967,1
Cyanobacteria,Nodularia,18.6734,59.37828,1
Cyanobacteria,Nodularia,18.38358,59.26851,1
Cyanobacteria,Nodularia,18.2635,62.86367,1
Cyanobacteria,Nodularia,18.34321,59.36615,1
Cyanobacteria,Nodularia,18.39062,59.43943,1
Cyanobacteria,Nodularia,18.26433,62.86317,1
Cyanobacteria,Nodularia,18.50733,63.06567,1
Cyanobacteria,Nodularia,18.87417,63.26733,1
Cyanobacteria,Nodularia,18.86383,63.28317,1
Cyanobacteria,Nodularia,18.33283,62.87683,1
Cyanobacteria,Nodularia,18.68117,63.233,1
Cyanobacteria,Nodularia,19.809,63.52467,1
Cyanobacteria,Nodularia,18.31974,59.29523,1
Cyanobacteria,Nodularia,25.3,60.25,1
Cyanobacteria,Nodularia,18.42203,62.95872,1
Cyanobacteria,Nodularia,18.58133,63.11483,1
Cyanobacteria,Nodularia,18.571,63.06583,1
Cyanobacteria,Nodularia,18.37725,59.32534,1
Cyanobacteria,Nodularia,19.81883,63.49967,1
Cyanobacteria,Nodularia,18.4104,62.95703,1
Cyanobacteria,Nodularia,18.51235,62.94962,1
Cyanobacteria,Nodularia,18.51717,63.0675,1
Cyanobacteria,Nodularia,18.479,63.0265,1
Cyanobacteria,Nodularia,18.41625,62.97395,1
Cyanobacteria,Nodularia,18.57533,63.0055,1
Cyanobacteria,Nodularia,18.41863,62.96407,1
Cyanobacteria,Nodularia,16.56369,58.44863,1
Cyanobacteria,Nodularia,11.5933,57.9197,1
Cyanobacteria,Nodularia,19.8085,63.525,1
Cyanobacteria,Nodularia,16.67167,57.99967,1
Cyanobacteria,Nodularia,18.42883,63.012,1
Cyanobacteria,Nodularia,18.72433,63.10883,1
Cyanobacteria,Nodularia,18.64533,63.12933,1
Cyanobacteria,Nodularia,18.64783,63.17067,1
Cyanobacteria,Nodularia,16.73017,58.38933,1
Cyanobacteria,Nodularia,11.7733,58.3125,1
Cyanobacteria,Nodularia,16.75339,57.99857,1
Cyanobacteria,Nodularia,19.819,63.49967,1
Cyanobacteria,Nodularia,18.26383,62.86367,1
Cyanobacteria,Nodularia,12.51667,56.21667,1
Cyanobacteria,Nodularia,16.76903,58.61156,1
Cyanobacteria,Nodularia,19.80817,63.525,1
Cyanobacteria,Nodularia,17.62533,58.803,1
Cyanobacteria,Nodularia,18.2645,62.8635,1
Cyanobacteria,Nodularia,21.04117,64.82983,1
Cyanobacteria,Nodularia,18.26567,62.86333,1
Cyanobacteria,Nodularia,18.7065,63.15433,1
Cyanobacteria,Nodularia,19.822,63.50083,1
Cyanobacteria,Nodularia,19.8075,63.525,1
Cyanobacteria,Nodularia,19.807,63.5255,1
Cyanobacteria,Nodularia,11.10333,58.86833,1
Cyanobacteria,Nodularia,14.2975,55.65,1
Cyanobacteria,Nodularia,18.91088,57.68527,1
Cyanobacteria,Nodularia,18.13132,57.40002,1
Cyanobacteria,Nodularia,18.59833,57.855,1
Cyanobacteria,Nodularia,19.03677,57.89317,1
Cyanobacteria,Nodularia,18.86117,59.63282,1
Cyanobacteria,Nodularia,18.26383,62.86383,1
Cyanobacteria,Nodularia,19.80867,63.52533,1
Cyanobacteria,Nodularia,18.26433,62.864,1
Cyanobacteria,Nodularia,18.2925,63.0035,1
Cyanobacteria,Nodularia,18.44812,62.94882,1
Cyanobacteria,Nodularia,11.68667,57.6675,1
Cyanobacteria,Nodularia,11.40333,58.34333,1
Cyanobacteria,Nodularia,11.59333,57.91967,1
Cyanobacteria,Nodularia,14.82417,56.11167,1
Cyanobacteria,Nodularia,18.11402,59.0411,1
Cyanobacteria,Nodularia,17.9032,58.85692,1
Cyanobacteria,Nodularia,17.03853,58.64547,1
Cyanobacteria,Nodularia,18.90833,60.13667,1
Cyanobacteria,Nodularia,11.43333,58.25833,1
Cyanobacteria,Nodularia,19.8095,63.525,1
Cyanobacteria,Nodularia,17.61667,58.8,1
Cyanobacteria,Nodularia,18.26617,62.864,1
Cyanobacteria,Nodularia,17.56452,62.34492,1
Cyanobacteria,Nodularia,20.33733,63.70217,1
Cyanobacteria,Nodularia,19.80733,63.52483,1
Cyanobacteria,Nodularia,18.26333,62.86383,1
Cyanobacteria,Nodularia,18.26317,62.863,1
Cyanobacteria,Nodularia,11.692,57.67817,1
Cyanobacteria,Nodularia,19.81883,63.49933,1
Cyanobacteria,Nodularia,11.77333,58.3125,1
Cyanobacteria,Nodularia,12.44606,56.30199,1
Cyanobacteria,Nodularia,12.88583,55.48083,1
Cyanobacteria,Nodularia,12.6,55.68,1
Cyanobacteria,Nodularia,19.8075,63.52517,1
Cyanobacteria,Nodularia,19.79733,63.50783,1
Cyanobacteria,Nodularia,19.825,63.49167,1
Cyanobacteria,Nodularia,12.42,55.080002,1
Cyanobacteria,Nodularia,10,55,1
Cyanobacteria,Nodularia,12.8875,55.8025,1
Cyanobacteria,Nodularia,12.53333,56.49167,1
Cyanobacteria,Nodularia,12.9725,55.66667,1
Cyanobacteria,Nodularia,14.9,55.220001,1
Cyanobacteria,Nodularia,13.388056,54.097222,1
Cyanobacteria,Nodularia,13.0593,55.674429,1
Cyanobacteria,Nodularia,13.07933,55.688171,1
Cyanobacteria,Aphanizomenon,16.5989,57.887,1
Cyanobacteria,Aphanizomenon,23.2538,59.8822,1
Cyanobacteria,Aphanizomenon,18.03,60.48,1
Cyanobacteria,Aphanizomenon,16.8513,57.1505,1
Cyanobacteria,Aphanizomenon,11.9371,57.50609,1
Cyanobacteria,Aphanizomenon,18.689432,59.305212,1
Cyanobacteria,Dolichospermum ,11.310001,64.47,1
Cyanobacteria,Dolichospermum ,22.3745,65.80733,1
Cyanobacteria,Dolichospermum ,18.8527,59.31379,1
Cyanobacteria,Dolichospermum ,10.569384,59.814999,1
Cyanobacteria,Dolichospermum ,18.70947,59.33299,1
Cyanobacteria,Dolichospermum ,18.26417,62.8635,1
Cyanobacteria,Dolichospermum ,19.81867,63.49967,1
Cyanobacteria,Dolichospermum ,18.2655,62.86367,1
Cyanobacteria,Dolichospermum ,19.81917,63.499,1
Cyanobacteria,Dolichospermum ,22.44717,65.72967,1
Cyanobacteria,Dolichospermum ,18.90051,59.74159,1
Cyanobacteria,Dolichospermum ,22.37533,65.80733,1
Cyanobacteria,Dolichospermum ,18.2655,62.8635,1
Cyanobacteria,Dolichospermum ,18.26467,62.86367,1
Cyanobacteria,Dolichospermum ,22.44767,65.73033,1
Cyanobacteria,Dolichospermum ,18.6845,63.237,1
Cyanobacteria,Dolichospermum ,18.70367,63.21883,1
Cyanobacteria,Dolichospermum ,18.755,63.22217,1
Cyanobacteria,Dolichospermum ,18.703,63.22833,1
Cyanobacteria,Dolichospermum ,18.85633,63.28367,1
Cyanobacteria,Dolichospermum ,18.86833,63.28133,1
Cyanobacteria,Dolichospermum ,18.12167,62.814,1
Cyanobacteria,Dolichospermum ,18.0505,62.83117,1
Cyanobacteria,Dolichospermum ,18.07633,62.8365,1
Cyanobacteria,Dolichospermum ,18.0035,62.8365,1
Cyanobacteria,Dolichospermum ,18.32867,62.87167,1
Cyanobacteria,Dolichospermum ,18.52844,59.23552,1
Cyanobacteria,Dolichospermum ,18.263,62.8635,1
Cyanobacteria,Dolichospermum ,22.37617,65.80833,1
Cyanobacteria,Dolichospermum ,22.44667,65.73417,1
Cyanobacteria,Dolichospermum ,18.73267,63.2345,1
Cyanobacteria,Dolichospermum ,18.86083,63.28167,1
Cyanobacteria,Dolichospermum ,18.8735,63.265,1
Cyanobacteria,Dolichospermum ,18.08867,62.81617,1
Cyanobacteria,Dolichospermum ,18.03383,62.85067,1
Cyanobacteria,Dolichospermum ,18.32533,62.87,1
Cyanobacteria,Dolichospermum ,18.51828,63.07405,1
Cyanobacteria,Dolichospermum ,18.48355,63.0407,1
Cyanobacteria,Dolichospermum ,19.07576,59.72191,1
Cyanobacteria,Dolichospermum ,18.95156,59.77823,1
Cyanobacteria,Dolichospermum ,18.26383,62.863,1
Cyanobacteria,Dolichospermum ,22.44667,65.73,1
Cyanobacteria,Dolichospermum ,19.81967,63.49883,1
Cyanobacteria,Dolichospermum ,18.43413,62.9496,1
Cyanobacteria,Dolichospermum ,22.4465,65.72967,1
Cyanobacteria,Dolichospermum ,18.75983,63.22233,1
Cyanobacteria,Dolichospermum ,18.71267,63.231,1
Cyanobacteria,Dolichospermum ,17.70367,62.99317,1
Cyanobacteria,Dolichospermum ,18.8795,63.26983,1
Cyanobacteria,Dolichospermum ,18.56283,63.09017,1
Cyanobacteria,Dolichospermum ,18.03633,62.82367,1
Cyanobacteria,Dolichospermum ,18.329,62.87117,1
Cyanobacteria,Dolichospermum ,18.7405,63.234,1
Cyanobacteria,Dolichospermum ,18.709,63.21183,1
Cyanobacteria,Dolichospermum ,17.723,62.987,1
Cyanobacteria,Dolichospermum ,18.85833,63.28283,1
Cyanobacteria,Dolichospermum ,18.5855,63.099,1
Cyanobacteria,Dolichospermum ,18.027,62.81867,1
Cyanobacteria,Dolichospermum ,18.0235,62.84067,1
Cyanobacteria,Dolichospermum ,18.33067,62.87283,1
Cyanobacteria,Dolichospermum ,10.2747,56.062,1
Cyanobacteria,Dolichospermum ,18.2615,62.864,1
Cyanobacteria,Dolichospermum ,22.37483,65.8075,1
Cyanobacteria,Dolichospermum ,22.44717,65.73017,1
Cyanobacteria,Dolichospermum ,18.44667,63.039,1
Cyanobacteria,Dolichospermum ,18.61483,63.1725,1
Cyanobacteria,Dolichospermum ,19.02881,59.78752,1
Cyanobacteria,Dolichospermum ,18.75583,63.2285,1
Cyanobacteria,Dolichospermum ,18.70817,63.22617,1
Cyanobacteria,Dolichospermum ,17.699,62.99733,1
Cyanobacteria,Dolichospermum ,18.86133,63.28017,1
Cyanobacteria,Dolichospermum ,18.05433,62.832,1
Cyanobacteria,Dolichospermum ,18.00033,62.83517,1
Cyanobacteria,Dolichospermum ,18.326,62.87017,1
Cyanobacteria,Dolichospermum ,19.80817,63.52517,1
Cyanobacteria,Dolichospermum ,22.375,65.8075,1
Cyanobacteria,Dolichospermum ,18.26367,62.86367,1
Cyanobacteria,Dolichospermum ,18.264,62.864,1
Cyanobacteria,Dolichospermum ,22.4465,65.72983,1
Cyanobacteria,Dolichospermum ,18.48382,60.17682,1
Cyanobacteria,Dolichospermum ,19.80867,63.52517,1
Cyanobacteria,Dolichospermum ,18.57657,60.10985,1
Cyanobacteria,Dolichospermum ,22.37417,65.80667,1
Cyanobacteria,Dolichospermum ,18.432,63.035,1
Cyanobacteria,Dolichospermum ,16.56367,58.44867,1
Cyanobacteria,Dolichospermum ,22.44683,65.73,1
Cyanobacteria,Dolichospermum ,16.38633,58.64067,1
Cyanobacteria,Dolichospermum ,19.92334,63.61536,1
Cyanobacteria,Dolichospermum ,19.92145,63.61183,1
Cyanobacteria,Dolichospermum ,22.27768,65.63102,1
Cyanobacteria,Dolichospermum ,22.27467,65.63079,1
Cyanobacteria,Dolichospermum ,22.11444,65.51672,1
Cyanobacteria,Dolichospermum ,20.43181,63.71095,1
Cyanobacteria,Dolichospermum ,20.42726,63.70906,1
Cyanobacteria,Dolichospermum ,21.03525,64.85757,1
Cyanobacteria,Dolichospermum ,20.69044,63.84903,1
Cyanobacteria,Dolichospermum ,20.70346,63.83087,1
Cyanobacteria,Dolichospermum ,21.97644,65.47475,1
Cyanobacteria,Dolichospermum ,22.04361,65.48991,1
Cyanobacteria,Dolichospermum ,22.25156,65.66445,1
Cyanobacteria,Dolichospermum ,20.39906,63.6908,1
Cyanobacteria,Dolichospermum ,20.39906,63.68799,1
Cyanobacteria,Dolichospermum ,22.446,65.73017,1
Cyanobacteria,Dolichospermum ,22.37533,65.80767,1
Cyanobacteria,Dolichospermum ,22.27341,65.62811,1
Cyanobacteria,Dolichospermum ,21.94304,65.5159,1
Cyanobacteria,Dolichospermum ,20.42767,63.71148,1
Cyanobacteria,Dolichospermum ,20.69433,63.84746,1
Cyanobacteria,Dolichospermum ,22.23952,65.66597,1
Cyanobacteria,Dolichospermum ,20.40458,63.68592,1
Cyanobacteria,Dolichospermum ,19.8185,63.5,1
Cyanobacteria,Dolichospermum ,22.44617,65.73017,1
Cyanobacteria,Dolichospermum ,22.448,65.73017,1
Cyanobacteria,Dolichospermum ,19.80833,63.52533,1
Cyanobacteria,Dolichospermum ,11.76167,57.98967,1
Cyanobacteria,Dolichospermum ,19.808,63.52467,1
Cyanobacteria,Dolichospermum ,22.44683,65.73017,1
Cyanobacteria,Dolichospermum ,19.17,63.29833,1
Cyanobacteria,Dolichospermum ,19.1375,63.2975,1
Cyanobacteria,Dolichospermum ,19.18167,63.3125,1
Cyanobacteria,Dolichospermum ,19.17797,63.31266,1
Cyanobacteria,Dolichospermum ,19.13652,63.29612,1
Cyanobacteria,Dolichospermum ,19.16534,63.29508,1
Cyanobacteria,Dolichospermum ,22.37617,65.80767,1
Cyanobacteria,Dolichospermum ,16.40717,58.60015,1
Cyanobacteria,Dolichospermum ,12.77883,56.48467,1
Cyanobacteria,Dolichospermum ,22.30867,65.6695,1
Cyanobacteria,Dolichospermum ,22.27183,65.68067,1
Cyanobacteria,Dolichospermum ,22.27917,65.6805,1
Cyanobacteria,Dolichospermum ,22.26583,65.6875,1
Cyanobacteria,Dolichospermum ,22.25167,65.66717,1
Cyanobacteria,Dolichospermum ,22.25783,65.6455,1
Cyanobacteria,Dolichospermum ,21.02817,64.84783,1
Cyanobacteria,Dolichospermum ,22.27983,65.627,1
Cyanobacteria,Dolichospermum ,21.037,64.85717,1
Cyanobacteria,Dolichospermum ,22.24217,65.67233,1
Cyanobacteria,Dolichospermum ,22.262,65.6595,1
Cyanobacteria,Dolichospermum ,21.42767,65.3105,1
Cyanobacteria,Dolichospermum ,21.08333,64.82317,1
Cyanobacteria,Dolichospermum ,20.37767,63.687,1
Cyanobacteria,Dolichospermum ,20.26233,63.66917,1
Cyanobacteria,Dolichospermum ,20.26533,63.66967,1
Cyanobacteria,Dolichospermum ,20.366,63.693,1
Cyanobacteria,Dolichospermum ,19.91667,63.61417,1
Cyanobacteria,Dolichospermum ,20.399,63.698,1
Cyanobacteria,Dolichospermum ,20.4055,63.686,1
Cyanobacteria,Dolichospermum ,20.406,63.6905,1
Cyanobacteria,Dolichospermum ,20.39867,63.68967,1
Cyanobacteria,Dolichospermum ,20.2735,63.66433,1
Cyanobacteria,Dolichospermum ,20.27233,63.65933,1
Cyanobacteria,Dolichospermum ,20.26433,63.66183,1
Cyanobacteria,Dolichospermum ,12.05,57.4067,1
Cyanobacteria,Dolichospermum ,12.0292,57.36,1
Cyanobacteria,Dolichospermum ,11.76833,57.67833,1
Cyanobacteria,Dolichospermum ,11.80833,57.535,1
Cyanobacteria,Dolichospermum ,21.69033,65.396,1
Cyanobacteria,Dolichospermum ,21.61583,65.31283,1
Cyanobacteria,Dolichospermum ,21.61017,65.31517,1
Cyanobacteria,Dolichospermum ,21.564,65.3825,1
Cyanobacteria,Dolichospermum ,21.57767,65.37167,1
Cyanobacteria,Dolichospermum ,21.11767,64.7845,1
Cyanobacteria,Dolichospermum ,21.53467,65.337,1
Cyanobacteria,Dolichospermum ,21.53733,65.34217,1
Cyanobacteria,Dolichospermum ,21.68417,65.393,1
Cyanobacteria,Dolichospermum ,21.6405,65.3145,1
Cyanobacteria,Dolichospermum ,21.66417,65.29467,1
Cyanobacteria,Dolichospermum ,21.55083,65.3805,1
Cyanobacteria,Dolichospermum ,21.52433,65.39383,1
Cyanobacteria,Dolichospermum ,21.52133,65.32117,1
Cyanobacteria,Dolichospermum ,21.49033,65.359,1
Cyanobacteria,Dolichospermum ,21.47217,65.34817,1
Cyanobacteria,Dolichospermum ,21.49783,65.35783,1
Cyanobacteria,Dolichospermum ,21.5325,65.3565,1
Cyanobacteria,Dolichospermum ,20.495,63.829,1
Cyanobacteria,Dolichospermum ,22.4475,65.73,1
Cyanobacteria,Dolichospermum ,17.36984,62.46244,1
Cyanobacteria,Dolichospermum ,22.30283,65.67783,1
Cyanobacteria,Dolichospermum ,22.31433,65.6705,1
Cyanobacteria,Dolichospermum ,22.24667,65.6535,1
Cyanobacteria,Dolichospermum ,21.08133,64.82517,1
Cyanobacteria,Dolichospermum ,21.3135,65.358,1
Cyanobacteria,Dolichospermum ,22.24633,65.65067,1
Cyanobacteria,Dolichospermum ,21.03417,64.85683,1
Cyanobacteria,Dolichospermum ,22.263,65.6365,1
Cyanobacteria,Dolichospermum ,20.379,63.6875,1
Cyanobacteria,Dolichospermum ,20.36667,63.69233,1
Cyanobacteria,Dolichospermum ,19.92233,63.61383,1
Cyanobacteria,Dolichospermum ,20.39717,63.69383,1
Cyanobacteria,Dolichospermum ,20.40433,63.69217,1
Cyanobacteria,Dolichospermum ,20.358,63.6965,1
Cyanobacteria,Dolichospermum ,21.673,65.41617,1
Cyanobacteria,Dolichospermum ,21.7265,65.39967,1
Cyanobacteria,Dolichospermum ,21.68017,65.38883,1
Cyanobacteria,Dolichospermum ,21.6505,65.30133,1
Cyanobacteria,Dolichospermum ,21.6695,65.29383,1
Cyanobacteria,Dolichospermum ,21.54033,65.38767,1
Cyanobacteria,Dolichospermum ,21.55717,65.38467,1
Cyanobacteria,Dolichospermum ,21.52133,65.3295,1
Cyanobacteria,Dolichospermum ,21.54483,65.34433,1
Cyanobacteria,Dolichospermum ,21.49583,65.3555,1
Cyanobacteria,Dolichospermum ,21.48383,65.355,1
Cyanobacteria,Dolichospermum ,10.01396,63.40607,1
Cyanobacteria,Dolichospermum ,22.44633,65.73033,1
Cyanobacteria,Dolichospermum ,22.44667,65.7295,1
Cyanobacteria,Dolichospermum ,21.56683,65.41367,1
Cyanobacteria,Dolichospermum ,22.27617,65.69183,1
Cyanobacteria,Dolichospermum ,21.69883,65.39833,1
Cyanobacteria,Dolichospermum ,21.647,65.324,1
Cyanobacteria,Dolichospermum ,21.533,65.38967,1
Cyanobacteria,Dolichospermum ,21.5045,65.32583,1
Cyanobacteria,Dolichospermum ,21.48133,65.35067,1
Cyanobacteria,Dolichospermum ,21.06417,64.835,1
Cyanobacteria,Dolichospermum ,22.80517,65.80483,1
Cyanobacteria,Dolichospermum ,23.9195,65.744,1
Cyanobacteria,Dolichospermum ,18.34277,59.21287,1
Cyanobacteria,Dolichospermum ,19.09438,59.74777,1
Cyanobacteria,Dolichospermum ,18.47713,60.2155,1
Cyanobacteria,Dolichospermum ,18.27478,60.35582,1
Cyanobacteria,Dolichospermum ,19.818,63.49933,1
Cyanobacteria,Dolichospermum ,22.37517,65.80767,1
Cyanobacteria,Dolichospermum ,22.44617,65.72983,1
Cyanobacteria,Dolichospermum ,19.4985,63.53717,1
Cyanobacteria,Dolichospermum ,20.27433,63.6605,1
Cyanobacteria,Dolichospermum ,23.67133,65.77933,1
Cyanobacteria,Dolichospermum ,21.18817,64.69167,1
Cyanobacteria,Dolichospermum ,17.68742,59.11788,1
Cyanobacteria,Dolichospermum ,22.673,65.8885,1
Cyanobacteria,Dolichospermum ,22.37483,65.80767,1
Cyanobacteria,Dolichospermum ,20.4205,63.73817,1
Cyanobacteria,Dolichospermum ,21.27583,64.617,1
Cyanobacteria,Dolichospermum ,21.25267,64.30633,1
Cyanobacteria,Dolichospermum ,21.0875,64.20767,1
Cyanobacteria,Dolichospermum ,19.82,63.49933,1
Cyanobacteria,Dolichospermum ,22.37517,65.8075,1
Cyanobacteria,Dolichospermum ,22.447,65.73,1
Cyanobacteria,Dolichospermum ,11.1033,58.8683,1
Cyanobacteria,Dolichospermum ,22.44683,65.72983,1
Cyanobacteria,Dolichospermum ,17.66477,62.43612,1
Cyanobacteria,Dolichospermum ,22.44733,65.73033,1
Cyanobacteria,Dolichospermum ,21.99667,65.48667,1
Cyanobacteria,Dolichospermum ,22.44067,65.48417,1
Cyanobacteria,Dolichospermum ,22.16833,65.5665,1
Cyanobacteria,Dolichospermum ,18.2635,62.864,1
Cyanobacteria,Dolichospermum ,19.8195,63.49967,1
Cyanobacteria,Dolichospermum ,22.44717,65.73033,1
Cyanobacteria,Dolichospermum ,17.6407,62.44053,1
Cyanobacteria,Dolichospermum ,20.44517,63.7335,1
Cyanobacteria,Dolichospermum ,19.81833,63.4995,1
Cyanobacteria,Dolichospermum ,22.37583,65.808,1
Cyanobacteria,Dolichospermum ,22.44633,65.72967,1
Cyanobacteria,Dolichospermum ,22.375,65.80683,1
Cyanobacteria,Dolichospermum ,18.26233,62.8635,1
Cyanobacteria,Dolichospermum ,22.37583,65.80683,1
Cyanobacteria,Dolichospermum ,18.26433,62.8635,1
Cyanobacteria,Dolichospermum ,22.44817,65.73,1
Cyanobacteria,Dolichospermum ,19.81917,63.5005,1
Cyanobacteria,Dolichospermum ,22.37483,65.80717,1
Cyanobacteria,Dolichospermum ,22.57233,65.63683,1
Cyanobacteria,Dolichospermum ,19.80667,63.52483,1
Cyanobacteria,Dolichospermum ,23.674,65.76317,1
Cyanobacteria,Dolichospermum ,23.94233,65.75133,1
Cyanobacteria,Dolichospermum ,23.69833,65.83,1
Cyanobacteria,Dolichospermum ,22.704,65.86133,1
Cyanobacteria,Dolichospermum ,22.64,65.89667,1
Cyanobacteria,Dolichospermum ,22.413,65.77167,1
Cyanobacteria,Dolichospermum ,22.43867,65.856,1
Cyanobacteria,Dolichospermum ,21.93417,65.4375,1
Cyanobacteria,Dolichospermum ,21.95,65.40833,1
Cyanobacteria,Dolichospermum ,21.71983,65.32817,1
Cyanobacteria,Dolichospermum ,21.80033,65.28567,1
Cyanobacteria,Dolichospermum ,21.48333,64.454,1
Cyanobacteria,Dolichospermum ,21.57567,64.47167,1
Cyanobacteria,Dolichospermum ,19.81983,63.4995,1
Cyanobacteria,Dolichospermum ,22.44633,65.73083,1
Cyanobacteria,Dolichospermum ,22.5745,65.63617,1
Cyanobacteria,Dolichospermum ,22.37517,65.80733,1
Cyanobacteria,Dolichospermum ,22.37533,65.807,1
Cyanobacteria,Dolichospermum ,22.44633,65.73,1
Cyanobacteria,Dolichospermum ,22.37483,65.80733,1
Cyanobacteria,Dolichospermum ,22.447,65.72967,1
Cyanobacteria,Dolichospermum ,22.57383,65.63583,1
Cyanobacteria,Dolichospermum ,19.808,63.5255,1
Cyanobacteria,Dolichospermum ,19.8205,63.50017,1
Cyanobacteria,Dolichospermum ,19.80667,63.525,1
Cyanobacteria,Dolichospermum ,19.80883,63.52317,1
Cyanobacteria,Dolichospermum ,12.05,55.169998,1
Cyanobacteria,Dolichospermum ,12.57,55.549999,1
Cyanobacteria,Dolichospermum ,11,55,1
Cyanobacteria,Dolichospermum ,11.98,55.900002,1
Cyanobacteria,Dolichospermum ,11.88333,58.33333,1
Cyanobacteria,Dolichospermum ,11.5625,58.06667,1
Cyanobacteria,Dolichospermum ,10.9,59.0083,1
Cyanobacteria,Dolichospermum ,10.62,56.52,1
Cyanobacteria,Dolichospermum ,11.9,55.919998,1
Cyanobacteria,Dolichospermum ,12.45,55.619999,1
Cyanobacteria,Dolichospermum ,12.3,54.98,1
Cyanobacteria,Dolichospermum ,12.21638,57.12211,1
Cyanobacteria,Dolichospermum ,12.95671,55.77092,1
Cyanobacteria,Dolichospermum ,12.91087,55.75554,1
Cyanobacteria,Dolichospermum ,18,59,1
Cyanobacteria,Dolichospermum ,11.61518,57.89177,1
Cyanobacteria,Dolichospermum ,10.62,55.599998,1
Cyanobacteria,Dolichospermum ,11.582563,57.886362,1
Cyanobacteria,Dolichospermum ,11.7225,55.715556,1
Cyanobacteria,Dolichospermum ,11.72,55.73,1
Cyanobacteria,Dolichospermum ,11.83,55.68,1
Cyanobacteria,Dolichospermum ,13.07522,55.67086,1
Cyanobacteria,Dolichospermum ,12.99632,55.612,1
Cyanobacteria,Dolichospermum ,11.8869,58.248,1
